{"cameraMode":{"drawMode":0,"name":"Shaded","section":"Shading Mode"},"sceneLighting":false,"audioPlay":false,"sceneViewState":{"m_AlwaysRefresh":false,"showFog":true,"showSkybox":false,"showFlares":true,"showImageEffects":true,"showParticleSystems":true,"showVisualEffectGraphs":true,"m_FxEnabled":true},"in2DMode":false,"pivot":{"x":2.8244378566741945,"y":-6.529183864593506,"z":42.99380111694336},"rotation":{"x":0.08945760875940323,"y":0.06278064101934433,"z":-0.005150970537215471,"w":0.9940847158432007},"size":33.66154479980469,"orthographic":false}